[
    {
      "appointments": "Ana Carson",
      "mobileNo": "989-783-6866",
      "email": "test@abc.com",
      "assignments": 1,
      "id": 1,
      "assessments": "Done",
      "date": "2014-04-02T03:28:56.782Z",
      "status": "Complete"
    },
    {
      "appointments": "Rachael Mason",
      "mobileNo": "989-783-6866",
      "email": "test@abc.com",
      "assignments": 1,
      "id": 2,
      "assessments": "Done",
      "date": "2019-04-03T13:28:56.782Z",
      "status": "Scheduled"
    },
    {
      "appointments": "Rachael Mason",
      "mobileNo": "989-783-6866",
      "email": "test@abc.com",
      "assignments": 1,
      "id": 3,
      "assessments": "Done",
      "date": "2018-02-05T23:28:56.782Z",
      "status": "Cancelled"
    },
    {
      "appointments": "Jane Doe",
      "mobileNo": "989-783-6866",
      "email": "test@abc.com",
      "assignments": 1,
      "id": 4,
      "assessments": "Done",
      "date": "2014-10-09T23:28:56.782Z",
      "status": "Cancelled"
    },
    {
      "appointments": "Rachael Mason",
      "mobileNo": "989-783-6866",
      "email": "test@abc.com",
      "assignments": 1,
      "id": 5,
      "assessments": "Done",
      "date": "2019-10-01T15:28:56.782Z",
      "status": "Complete"
    },
    {
      "appointments": "Rachael Mason",
      "mobileNo": "989-783-6866",
      "email": "test@abc.com",
      "assignments": 1,
      "id": 6,
      "assessments": "Done",
      "date": "2013-11-05T23:28:56.782Z",
      "status": "Upcomming"
    },
    {
      "appointments": "Alicia Cornwell",
      "mobileNo": "989-783-6866",
      "email": "test@abc.com",
      "assignments": 1,
      "id": 7,
      "assessments": "Done",
      "date": "2019-01-11T23:28:56.782Z",
      "status": "Incomplete"
    },
    {
      "appointments": "Alicia Cornwell",
      "mobileNo": "989-783-6866",
      "email": "test@abc.com",
      "assignments": 1,
      "id": 8,
      "assessments": "Done",
      "date": "2016-01-21T23:28:56.782Z",
      "status": "Scheduled"
    },
    {
      "appointments": "Alicia Cornwell",
      "mobileNo": "989-783-6866",
      "email": "test@abc.com",
      "assignments": 1,
      "id": 9,
      "assessments": "Done",
      "date": "2014-06-11T23:28:56.782Z",
      "status": "Incomplete"
    },
    {
      "appointments": "Jane Doe",
      "mobileNo": "989-7836-996",
      "email": "new@abc.com",
      "assignments": 1,
      "id": 10,
      "assessments": "Done",
      "date": "2019-02-01T23:28:56.782Z",
      "status": "Incomplete"
    },
    {
      "appointments": "Ana Carson",
      "mobileNo": "989-623-6866",
      "email": "testing@abc.com",
      "assignments": 1,
      "id": 11,
      "assessments": "Done",
      "date": "2020-08-01T12:28:56.782Z",
      "status": "Incomplete"
    },
    {
      "appointments": "Ana Carson",
      "mobileNo": "989-623-6866",
      "email": "testing@abc.com",
      "assignments": 1,
      "id": 12,
      "assessments": "Pending",
      "date": "2011-01-01T23:28:56.782Z",
      "status": "Incomplete"
    },
    {
      "appointments": "Rachael Mason",
      "mobileNo": "989-783-6866",
      "email": "test@abc.com",
      "assignments": 1,
      "id": 13,
      "assessments": "Done",
      "date": "2020-11-01T03:28:56.782Z",
      "status": "Incomplete"
    },
    {
      "appointments": "Rachael Mason",
      "mobileNo": "989-783-6866",
      "email": "test@abc.com",
      "assignments": 1,
      "id": 14,
      "assessments": "Pending",
      "date": "2018-01-01T23:28:56.782Z",
      "status": "Incomplete"
    },
    {
      "appointments": "Ana Carson",
      "mobileNo": "989-623-6866",
      "email": "testing@abc.com",
      "assignments": 1,
      "id": 15,
      "assessments": "Pending",
      "date": "2014-11-01T13:28:56.782Z",
      "status": "Upcomming"
    },
    {
      "appointments": "Jane Doe",
      "mobileNo": "989-7836-996",
      "email": "new@abc.com",
      "assignments": 1,
      "id": 16,
      "assessments": "Pending",
      "date": "2021-01-01T21:28:56.782Z",
      "status": "Incomplete"
    },
    {
      "appointments": "Alicia Cornwell",
      "mobileNo": "989-783-6866",
      "email": "test@abc.com",
      "assignments": 1,
      "id": 17,
      "assessments": "Pending",
      "date": "2011-02-01T23:28:56.782Z",
      "status": "Upcomming"
    }
]